{
  "capabilities":
  [
    {
      "browserName": "firefox",
      "marionette": true,
      "maxInstances": 1,
      "seleniumProtocol": "WebDriver",
      "platform" : "LINUX"
    },
    {
      "browserName": "chrome",
      "maxInstances": 1,
      "seleniumProtocol": "WebDriver",
      "platform" : "LINUX"
    }
  ],
    "nodeTimeout":120,
    "nodePolling":2000,
    "registerCycle":10000,
    "register":true,
    "cleanUpCycle":2000,
    "timeout":30000,
    "maxSession":25,
    "nodeStatusCheckTimeout":10000,
    "downPollingLimit":360000    
}